comment,likes,published_at
God bless you Donald Trump,0,2025-05-02T12:47:03Z
What are they doing with all the money he's saving and getting from doing this.ğŸ˜Š,0,2025-05-01T23:18:24Z
It has no constitutional rights to taxpayer money,0,2025-04-30T23:27:41Z
This is why 77 million patriots MAGA supporters for. And more x-democrat walkaway supporters support Trump and Vance and administrations. ğŸ‡ºğŸ‡¸ğŸ—½ğŸ™ŒğŸ¿ğŸ‘ğŸ½ğŸ‡ºğŸ‡¸â¤ï¸,0,2025-04-28T01:34:47Z
"This is the expected pushback against the leftist echo chambers, the universities. High time that they get some flak for their neo-Marxism over decades. Kudos, Trump.",0,2025-04-25T13:16:50Z
Harvard  is pushing  back  about  time,0,2025-04-25T08:58:40Z
Damn. Revoking funding because students are admitted other than merit? The audacity!,0,2025-04-24T16:01:24Z
Biased comments clearly not recognizing the underlying reasons that government should also not be funding programs like that in colleges.  Government funding does not belong in colleges. It's colleges are costly and ivy League taxpayers should not be helping to pay for it,0,2025-04-24T11:57:42Z
"Some indian political leaders are engaged in grouping islamists think tank from three major countries like Bangladesh,Pakistan and India to wage religion war against american society from univesrsity platform thinking catch radicals young.The funds are laundered from UK and some middle east countries.",0,2025-04-24T01:09:52Z
May the God  with trump,0,2025-04-22T14:18:08Z
"""What a private university should teach!"" What a joke while Kindergartens are being forced with LQBT teachings ""by the Left governments"" even if they don't want it.",0,2025-04-22T01:28:03Z
Hate speech is free speech on campus.,0,2025-04-20T12:52:28Z
SCIENCE LOVERS> the same folks who dont know what a woman is.,0,2025-04-20T12:51:08Z
MAGA forever,0,2025-04-20T12:49:00Z
Is this a contest for the most unpopular president ever? Ready set go? Why fight so many fronts at once?,0,2025-04-20T08:00:22Z
Harvards research was crucial to developing technologies that helped us win WWII.,0,2025-04-19T13:21:59Z
Trump isn't an intellectual and opposes anyone who can think.,0,2025-04-19T11:18:47Z
He knows what he is doing !!!,0,2025-04-19T08:51:12Z
Wow! Iran,0,2025-04-19T04:14:15Z
Harvard University used to be a university only for The Best and with exemplary intellect or skills but now it is now full of leftist,0,2025-04-19T02:29:56Z
I don't understand why Harvard needs federal funding when they charge students $59k/yr.,0,2025-04-19T00:12:11Z
"I can barely pay for college for my son, but my taxes pay for your kids to improve more than mine. Why don't parents pay for this.... not tax payers.",0,2025-04-18T23:05:01Z
"As a retired researcher, If you take a closer look at the so-called ""groundbreaking"" research coming out of Harvard over the past decade, funded by nearly $90 billion in taxpayer money, you'll find a very different story than the one presented in press releases. None of these discoveries came out of Harvard in isolation. Theyâ€™re all extensions, optimizations, or repackagings of work that has been underway globally for decades.

CRISPR? Thatâ€™s built on a bacterial immune mechanism discovered in the late '80s, refined by researchers around the world. Harvard was one of many institutions involved, not the origin.

Prime editing? Just a more precise spin on CRISPR, which itself is part of a longer lineage of gene-editing tools.

Flow batteries? Theyâ€™ve been around for over 50 years. Harvardâ€™s version is just a tweak in chemistry for better stability: not a new invention.

The truth is, academic research, especially at elite institutions is rarely the source of isolated breakthroughs. It's a web of collaboration, and Harvard often plays the role of amplifier rather than originator. Itâ€™s well-positioned to secure grants, license patents, and dominate headlines, but that doesnâ€™t mean the work is fundamentally new.

And letâ€™s be honest: the grant game incentivizes incrementalism, buzzwords, and safe bets with publishable results, not genuine risk or paradigm-shifting discovery. Institutions that thrive off massive federal grants often operate more like publicly subsidized private enterprises.. filtering taxpayer money through a prestige machine that spits out white papers, paywalled publications, and eventual commercialization for private gain.

Call it what it is: a polished, institutionalized pipeline where the public funds the research, but rarely sees the return.

Guess who pockets the money?",0,2025-04-18T16:13:55Z
Open your eyes people there is a lot of corruption with those protests and those exchange programs. They not longer bringing the best of the best. And those protests are rising terrorists flags.,0,2025-04-18T13:23:43Z
2 Billion ???????? For Harvard??,0,2025-04-18T12:37:28Z
Yes yes yes,0,2025-04-18T11:14:08Z
"Howard makes billions of dollars. They dont need public funding. They only receive about 11 % of its revenue from the government. So they can just spend their own billions, if they donâ€™t want to comply.",0,2025-04-18T10:51:41Z
Difficult to understand what happened. Germany ban Palestinian demonstration supporting finale end to Gaza problem ( weapons for Israel) and end of inclusive politycy ( imigrants out) carry on.,0,2025-04-18T10:39:44Z
"What's really incredible is that many Republicans graduated from Harvard. It is really disturbing to think that they stand behind all this. Trump will be over in 4 years, but the GOP will still be there and will have to bear the stigma of supporting this lunacy.",0,2025-04-18T09:41:52Z
"Why does Harvard, a private university, have a tax exemption? Why does a private university receive funding from the government?",3,2025-04-18T08:05:14Z
"The Arabs who fund the University and Arab students must be having sleepless nights .... all the petrodollar (in Billions) going down the drain !!
Using country's own laws against the country  !!",0,2025-04-18T07:48:05Z
"Harvard spends more than most countries: $6.4B budget, $53.2B endowment.

University of Michigan rivals Fortune 500 companies: $11B annual spend.

Johns Hopkins outspends NASA: $3.8B in research alone.

Richest 20 universities hold over 70% of all U.S. endowment wealth.

Some colleges spend $100K per student annually while others struggle with under $10K to fund a full year.",0,2025-04-18T07:01:09Z
"Omg, is the guest in pink jacket a man or a woman?",0,2025-04-18T05:18:08Z
Harvard behaves like the Marthaâ€™s Vineyard residents who exposed themselves by how their treated illegal immigrants when they arrived.,0,2025-04-18T05:17:24Z
Americans aren't doing anything to stop this madness. They just put it in the news.,0,2025-04-18T04:00:29Z
"Ok.  So ,In DWs view point , the position by a democratically elected Govt and it precident is not important than anotger woke NGO representative ? LOL",0,2025-04-18T03:59:30Z
So this is Democracy ?,4,2025-04-18T02:22:44Z
Surely they have Harvard educated lawyers to fight these policies ğŸ˜‚,5,2025-04-18T02:12:56Z
Germany should from trump as the US and Germany share the same value,0,2025-04-17T23:36:05Z
"Instead of supporting the university, he supports war in gaza",0,2025-04-17T23:08:44Z
"â€œThe more educated they are, the more wicked they are.â€ â€”â€”chair man Mao. Welcome to the club ğŸ˜‚",1,2025-04-17T21:38:00Z
DW News. This isnt about antisemitism really - so why does the presenter spend all this time asking about it. Thats not the story here. Wasted opportunity.,1,2025-04-17T21:35:35Z
If you don't want to be told what to do by the government then stop accepting taxpayer dollars.,1,2025-04-17T20:00:04Z
Private university. So why such a commotion about public money?,4,2025-04-17T19:39:35Z
She still thinks that Trump will be out in 4 years.... Cute.,0,2025-04-17T19:32:13Z
"I'm so glad Trump was dumb enough to do this. All he's going to accomplish is uniting Americans against himself. It's like a sociopath on trial firing their lawyer, insisting that they be allowed to represent themselves.",0,2025-04-17T18:27:27Z
Why are we paying tuition when the government is paying billions for education?,0,2025-04-17T18:22:49Z
Harvard is one of the richest schools. 62 Billion Endowments. Why are they taking billions from the poor taxpayers,2,2025-04-17T18:22:35Z
"Fact is, all the premier institutions run on indian and chinese money. You shouldn't be suprised to see harvard opening a branch in India ğŸ˜….",0,2025-04-17T17:03:18Z
There has not been free speech at Harvard for decades. Trying to gaslight people by saying they are defending free speech just shows the hypocrites they are.,0,2025-04-17T15:46:09Z
Private universities can do whatever they want and the government is not required to give them any funding.,3,2025-04-17T15:42:13Z
Keep Strong Harvard!,0,2025-04-17T15:39:52Z
DIDD - Donald Intellectual and Developmental Disability,0,2025-04-17T15:31:11Z
When your endowment is so huge that you dont even need $2 billion on funding from the president.  Harvard is super privileged to have so much money in its bank account that it doesn't even need external funding.,0,2025-04-17T15:26:34Z
2025=1984,0,2025-04-17T15:22:02Z
"As they say, use what you are good at,
There should be enough smart people at Harvard to unite and use all means to overthrow this Gestapo called Trump ğŸ˜‚ğŸ˜‚ğŸ˜‚",0,2025-04-17T14:59:08Z
"Harvard, Columbia, etc don't pay any taxes, yet we are still giving them BILLIONS?? They are sitting on $50 BILLION + of endowment money!  Private universities make their own money charging exorbitant tuition fees!   Fund PUBLIC schools!!",1,2025-04-17T14:49:53Z
Super rich and tax exempt............,0,2025-04-17T14:30:28Z
HAHA!,0,2025-04-17T14:29:53Z
"Why should ANY of my hard earned money be paying for extremely rich kids' education?  
What benefits or benefit do we working class get from this?  Stop giving them our money and make them reimburse ALL of OUR money!   This is evil! ğŸ‘¹ğŸ‘º",4,2025-04-17T14:08:37Z
Harvard made the RIGHT move,0,2025-04-17T12:25:54Z
go Harvard âœŠ,0,2025-04-17T12:24:13Z
"Anti-American"" is a term used to describe sentiments or actions that are opposed or hostile to the United States, its people, its government, its foreign policies, or American culture and values
Same values 
Again 
Advance AI Technology infrastructure is the future not the school system most probably within couple of years 
It might be the future and the reality",0,2025-04-17T12:02:25Z
"Unfortunately 
Until now 
No one known this much money spent for this institution using federal money ğŸ’° 
When citizens are struggling with their children",4,2025-04-17T11:58:35Z
"HaRvard not Haward and CoLUMbia not Colombia, SOMEONE hasto tel that lady the right pronunciation, please.",0,2025-04-17T11:58:14Z
"Come to New Zealand! We love a peaceful protest! We are in desperate need of Drs, nurses, teachers! We have a crazy right wing too, but it's much, much, much smallerğŸ˜‚. If a politician lies or sends a smutty email, they are pressured to stand down.",0,2025-04-17T11:13:47Z
So much for less government,0,2025-04-17T11:06:35Z
"The last refuge of a scoundrel is ""scholarship""",0,2025-04-17T10:40:21Z
"The ""American Democracy"" uhuhuhuhuhuhuhu....there's no democracy anywhere. ""Democracy"" is as real as the phrase ""kings were appointed by god"" hahahahaha!",0,2025-04-17T10:10:16Z
"It's very simple, Trump said he'd be a dictator. So this isn't news this is him doing what he said he'd do.",0,2025-04-17T10:04:35Z
Why is Harvard getting taxpayer money when itâ€™s a million dollars per semester,1,2025-04-17T09:59:20Z
"ğŸ‘ğŸ‘ğŸ‘ why would America best private college educate non Americans. How can you have the best minds, best scientists, economists, politicians, Business creators if your educating foreign people over your own that will take that to another country. America has lost its way. Allow the brains to come in yo educate your country but your students need to be Americans. There are so many people that miss out on access for foreigners being allowed to replace Americans. Thatâ€™s insane! Thatâ€™s America last because those educated minds go teach non Americas what Americans should have first.",0,2025-04-17T09:51:57Z
Stand strong with Harvard ğŸ’¯%.,3,2025-04-17T09:21:42Z
"They are only for themselves, they're not planting food, or making materials, or working on the current tariffs, safety on trading with china",0,2025-04-17T09:21:33Z
Cutting Harvard's funding will not affect them. They have sooo much money to burn because the private funding will continue.,1,2025-04-17T08:34:29Z
"Well then, no government funding, simple as it is!",0,2025-04-17T06:33:05Z
Dw is antisemitic in their reports,0,2025-04-17T06:25:28Z
It's a tough lesson for Americans who voted for an uneducated person as their president.,0,2025-04-17T06:13:20Z
And all of this is happening in the first 100 days of the Trump presidency.  His handler Stephen Miller is hellbent on turning the US into an neo-conservative authoritarian dictatorship and in the process our economy will collapse and our place in the world will decline.,0,2025-04-17T05:06:14Z
Procinctus Volare,0,2025-04-17T04:54:28Z
Don't worry the Palestine protesters will still get proper funding from Harvard,0,2025-04-17T04:34:44Z
most of them that go there never get a job period ?,0,2025-04-17T03:10:24Z
So this elite wealthy group of people  is complaining about not reciving more money?  Right.,0,2025-04-17T02:18:36Z
"Harvard should open crowd fund without strings attached to the world even, not only usa. Weâ€™ll show the power ofthe people",0,2025-04-17T01:56:00Z
Utterly brilliant and accurate guests - what a devastating combo.,1,2025-04-16T23:28:52Z
This is the Freeman vs Friedman argument all over again.,0,2025-04-16T23:28:32Z
Great. Harvard is a nasty university and does not require any federal funding as they promote anti semitism and promote Palestinian protests. They can get money privately.,0,2025-04-16T22:44:02Z
Higher education does not equate wisdom.ğŸ˜Š,0,2025-04-16T21:41:49Z
"He only froze the money, Harvard wants more and won't follow the laws.",0,2025-04-16T21:41:45Z
"Harvard U. is a very soft target for the Orange baby.  They are rich as sin, and  his base hates them.  This is low hanging fruit for MAGA.",0,2025-04-16T20:27:03Z
"Free speech doesn't mean you violated the law and can be racist also if you get money from the government, the government can definitely have  say especially, if you have a political tax exemption but you want to be political.... if it was a corporation doing this, people would be celebrating....(Oh, and they have the money)",1,2025-04-16T20:12:52Z
Why does a rich school need government money,12,2025-04-16T19:58:26Z
"I'm definitely NOT MAGA, but perhaps funding to major universities like Harvard and Yale should be cut drastically - so long as they continue to graduate people like JD Vance,  Vivek Ramaswami, and (of course) Donald Trump, among others like them. Seems that something is fundamentally wrong with such a system [of higher learning?].",0,2025-04-16T19:57:19Z
Why do government funding a private university?,1,2025-04-16T19:43:07Z
Harward is stealing american tax payers dollars. its time to shut down that WOKE university,2,2025-04-16T19:07:50Z
"Harvard University wonâ€™t allow or tolerate any sort of protest against barbaric genocidal Communist China ğŸ‡¨ğŸ‡³ whenever thereâ€™s Chinese regime sponsored official programs or seminars at the Harvard University because they get millions of dollars from CCP China ğŸ‡¨ğŸ‡³ but they would happily allow protesters who are anti-American & pro-terrorist organizations ğŸ˜, canâ€™t make this stuff up seriously ğŸ˜’â€¦ 
Itâ€™s called liberal hypocrisy & liberal lunacy in a nutshell ğŸ™„â€¦",2,2025-04-16T19:05:52Z
"Meanwhile China is heavily funding it's University's, putting them amongst the top institutions in the world. This clown is slowly destroying the U.S. from within.",0,2025-04-16T19:00:48Z
The aliens taking over human brains have arrived.,0,2025-04-16T18:51:57Z
science research is for liberals.,0,2025-04-16T18:21:11Z
God have mercy on the USA because itâ€™s looking grim for them.,0,2025-04-16T18:16:40Z
"Funny how the party of ""Small goverment"" is ok with more Gov oversight.",0,2025-04-16T18:15:25Z
Bullying is far more cruel than Antisemitism,0,2025-04-16T18:11:21Z
""".... His agenda is is getting viewpoint diversity... His agenda is getting his viewpoint across...""
Isn't that what the left has been screaming for the last 10 years? Diversity?
Or is it diversity when its only our viewpoint and our agenda?

Hypocrisy of the left has no boundaries....",1,2025-04-16T17:51:07Z
America is finished,6,2025-04-16T17:31:41Z
"Both are right. Hands off Harvard, but if you want fed money you need to play the tune. Quite reasonable",0,2025-04-16T17:25:40Z
Great journalism DW thanks,0,2025-04-16T17:19:12Z
The hair is very distracting.,0,2025-04-16T17:15:48Z
Harvard ğŸ˜Š,0,2025-04-16T17:12:43Z
"_""Blessed be the fruit""_ ğŸ™†ğŸ¼â€â™‚ï¸
Gilead Administration â–ˆâ–ˆâ–ˆâ–ˆâ–ˆâ–ˆâ–ˆâ–’â–’â–’ 70%",0,2025-04-16T17:09:06Z
"I make 35,000 a year why are my tax dollars going to Harvard",4,2025-04-16T16:58:37Z
"trump is behaving in SHAMELESS & SHAMEFUL DICTATORSHIP. Harvard should question/challenge the validity, morality & appropriateness of trump's demands by going to the SCOTUS.",0,2025-04-16T16:58:29Z
"Actually,trump wants to control all institution because he won't give up his power after completing his tenure.He wants make himself an emperor.First and foremost he wants to decapitate democracy because he knows that it won't allow him what he wants to do.",0,2025-04-16T16:57:49Z
"Harvard will survive, they won ğŸ† respect!",0,2025-04-16T16:54:58Z
Proud of Harvard ğŸ«¡â¤ï¸,0,2025-04-16T16:51:51Z
"Why is Harvard, a university with $50 billion endowment getting any money from taxpayers?! That's ridiculous.",1,2025-04-16T16:51:16Z
Trump is not here to make America great again but he wants to destroy its institution.,0,2025-04-16T16:41:55Z
"Next step:: Auto da fÃ©   of so called ""woke""publications . 
Mark my words .",0,2025-04-16T16:27:18Z
Obviously Israel ğŸ‡®ğŸ‡± is behind all of this,0,2025-04-16T16:26:51Z
"Why does Harvard accept money from a government to begin with? This is not an attack on free spech or a dictatorial behaviour, is basically a way to push Harvard to become self sufficient without aid from governments, basically. Either Harvard becomes self sufficient by itself, or has to obey whatever the investors (in this case the government) say. I saw this in Uruguay by public universities, same response from students, but I can't believe it's happening with a reputable high quality private university.

Private universities should not depend on governments for funding. Or else they're not private, they're public, and so, accountable to whatever a public government says and demands. Behind the turmoil, this is an essential lesson in self sufficiency and cutting dependency on government welfare, basically.",2,2025-04-16T16:22:24Z
"We welcome all Harvard degree holders to come to Bangkok. 
You can file for bankruptcy in the US. You dont have to pay your student debts and after 7 years living and working in Bangkok you can do back the the US and your debt is cleared! Safe money make money!",0,2025-04-16T16:21:26Z
A good distraction from the taxation fights...,0,2025-04-16T16:09:46Z
"President Obama, whats your take?",0,2025-04-16T16:05:36Z
2:20 shifting to Merit based admission is too much for Harvard ğŸ˜‚ğŸ˜‚,1,2025-04-16T16:00:45Z
"Universities are not the place to protest.
Have you come here to study or to protest?",3,2025-04-16T15:58:58Z
"Thank you Mr president, So called private entity needs taxpayers money,  how refreshing, learn to pay your bills like everyone else.",2,2025-04-16T15:53:17Z
Brain drain.,0,2025-04-16T15:44:01Z
"Oh!! Dear Americans! Welcome to Autocracy, Dictatorship and East Europe fashions in the 70/80sÂ 
What a scam USA has become!",0,2025-04-16T15:37:39Z
Didnâ€™t know it was Israel first,0,2025-04-16T15:15:04Z
"Haaaah-vaaahd = over privileged crybullies. 
TAX THE ENDOWMENTS !!!
.",0,2025-04-16T15:01:16Z
"Great job Trump,2020ğŸ‰ğŸ˜‚, make them change, a change is coming,bye bye 2,000,000,000 ğŸ˜¢ ğŸ‘ what a wonderful job Trump doing",1,2025-04-16T14:47:32Z
Students don't want to study but  long to become activists and criminals. Teachers also prefer activism over scholarship ğŸ˜Š,0,2025-04-16T14:45:45Z
This is political hit-piece. Trash,0,2025-04-16T14:44:34Z
Congrats Harvard for being on the right side of History. I will always remember where you are and how Columbia chose to be silent before an authiritarian at home. Thank you Harvard!!,0,2025-04-16T14:42:05Z
"Idk about the rest, but merit based admissions seems like the right thing to do.",0,2025-04-16T14:41:14Z
*That's good! This is a breeding ground for lefties and liberals. Cut the funding!*,0,2025-04-16T14:31:05Z
"Being myself someone who grew up in a dictatorship country(cuba). I can tell you that is where the us is heading the way trump is governing. He has put unqualified people in government only because they simpatize with him and therefore will allow him to do whatever he wants. Dictating how universities should act. Overpassing Supreme Court rules and American constitutional rights. Creating fear in the population to impose control. Next thing is to corrupt the electoral sistem to stay in power for how ever long he wants, like Putin, like castros. I honestly think us is going to have a civil war happening very soon.",0,2025-04-16T14:27:47Z
2.2 billion and still private,0,2025-04-16T14:08:03Z
I dislike this news anchor. He was so biased in his reporting on Gaza that I firmly believe he is a closeted Zio.,0,2025-04-16T14:05:58Z
Bcz none of MAGA went to Harwardâ€¦ or they cant,0,2025-04-16T13:54:40Z
"I strongly recommend everyone watch on YouTube:
""Jeffrey Sachs' Scary Prediction On US-China Trade Deal Amid Tariff War| Trump| Xi Jinping| Markets""",0,2025-04-16T13:54:02Z
"America is fighting against cultural Marxism, and Harvard is a hotbed of DEI. If you don't understand this it's on you, not the US.",1,2025-04-16T13:52:01Z
The commentator forgot to mention that the single biggest reason for rising antisemitism is izrael itself.,0,2025-04-16T13:51:41Z
They will come to trump way when they realize money is needed ğŸ˜‚,0,2025-04-16T13:46:35Z
Its great to see True American institutes stand up and resist politicians who are controlled and influenced by foreign entities and wealthy zios that seek unethical foreign interest instead of the interest and values of American people,1,2025-04-16T13:41:14Z
Surely Harvard has a lawyer or two to challenge the President's authority to impound Congressionally allocated funds.,0,2025-04-16T13:38:33Z
"Disagreeing with Israel's inhumane treatment of Palestinians, since the 1970'ies, is a political opinion and not the same as being antisemitic. People in the US don't seem to know the difference.",73,2025-04-16T13:36:10Z
all this because of a foreign entity ğŸ‡®ğŸ‡±,1,2025-04-16T13:34:07Z
"Harvard is in the right here! As an academic in higher education, the government should play no role in dictating what an institution should and should not teach. Keep in mind...those federal funds sent to universities are for government purposes. Universities have, and do, function without them. The only downside is that they can't conduct research that ultimately aids the U.S. government.",1,2025-04-16T13:33:01Z
"F... The Fascisme !!!
Don't give up...never!!!",0,2025-04-16T13:26:09Z
"We are witnessing our governmentâ€™s transition from democracy to tyranny, and Trump and Co. are following the steps by the textbook.  Anybody really thinks heâ€™ll be out in 4 yrs?",1,2025-04-16T13:25:39Z
Many of our leaders graduate from Harvard. Lots of the MAGA Republicans are graduates are graduates of Harvard and they are committing these policies that are harming America and the World. This is terrifying.,1,2025-04-16T13:19:24Z
"I do not agree with how Trump has treated Harvard.  Also, these universities are rich enough to look after themselves.",4,2025-04-16T13:18:15Z
Good for President Trump for addressing the left wing hatred that has become pervasive on US campuses.,2,2025-04-16T13:12:19Z
looks like harvard admins and students think they are bigger than american values and its constitution,0,2025-04-16T13:09:28Z
â€œLand of the freeâ€ ğŸ˜‚ğŸ˜‚ğŸ˜‚ğŸ˜‚,1,2025-04-16T13:09:25Z
"..... how in the world does a school even obtain 2.2 billion in tax payers money??!!! THAT IS OBSCENE MISUSE OF FUNDING! And don't give me any of that ""well, you don't know what it takes to run a school like Harvard"" ...I absolutely do. This much government funding makes this a public school. This is nothing more than political payoffs and pig feeding. ...Would anyone else like a drink of koolaid??..anyone?",0,2025-04-16T13:09:03Z
Great. Don't give them a dime of taxpayers money. I'm sure there is plenty of other schools that could use the money.,1,2025-04-16T13:07:49Z
Next step will be forced closure.,0,2025-04-16T13:06:24Z
This should have been done long ago. They have plenty of money,2,2025-04-16T13:02:19Z
"Just keep in mind that Trump is a convicted felon and trying to dictate moral and intellectual values....while having support from a major political group.  Lol, it is wild work....America needs a better representative system of government and an actual working legal system.",0,2025-04-16T13:01:14Z
The US is now in the same league with Russia and China.,0,2025-04-16T12:49:09Z
Trump is demanding more power and control over Harvard than any leader should have over any elite institution. Harvard reputation would be destroyed if it submitted to Trumps authoritarian micromanagement.,0,2025-04-16T12:47:24Z
The 2 billion dollars would have been wasted on foreign arab students,2,2025-04-16T12:44:16Z
Media and universities will be main targets during his presidency. They want to make the church to work against itself.,0,2025-04-16T12:43:37Z
Columbia crumbled and kissed trumpâ€™s ring.,0,2025-04-16T12:39:27Z
How about removing the tax exempt status for US billionaires and politicized mega churches?,1,2025-04-16T12:37:51Z
"Trump Gov't wants to hold research money hostage while forcing a PRIVATE school due to a political agenda. ""The people won't forget!""",0,2025-04-16T12:37:16Z
"Harvard just has to go private, and then they can freely continue their Marxism indoctrination programs and continue to reject any merit based admissions.

While they are getting money from the state, they aren't private, and they need to comply with the state requests.",0,2025-04-16T12:27:30Z
"Any university receives governmental funding,then it can not be called private university. DEI is totally and absolutely discriminatory to white and Asian male students. If admission is based on meritocracy, it will automatically end up being equal amd diverse since there are outstanding students within every ethnic group and gender. Using a same standard is fair to all regardless of your skin color, your gender and ethnicity. This is common sense. DEI is the excuse of racism and discrimination, period! Why does NBC use DEI to hire basketball players?",0,2025-04-16T12:26:06Z
Havard doesn't say thank you,0,2025-04-16T12:14:05Z
"ahh free speech Vance style, please come to Europe again and tell us more about it.",0,2025-04-16T12:13:57Z
Waiting for Vance memes to overflow  where he requires Harward to say thank you.,18,2025-04-16T12:10:00Z
"If they want to promote beliefs that are contrary to most taxpayers wishes, they should pay for it out of their own pocket.  Why should my taxpayer dollars support institutions that promote socialism and antisemitic behavior?  Harvard and other supposedly higher education institutions has failed in their main mission of providing a broad classical education promoting a wide range of ideas. As far as I can see, they are a brainwashing institution.",0,2025-04-16T12:08:13Z
"Hereâ€™s the reality, the money does not belong to Harvard, it belongs to the Federal Government. If Harvard wants to tell the federal government to bugger, thatâ€™s their right, theyâ€™re private. If the federal government no longer wants to provide funding, itâ€™s within their right.

What is the problem?",2,2025-04-16T11:58:33Z
2 Billion dollars ? Where does all this money comes and where does all this money goes. Harvard is an institution for foreign students and should be controlled like they do in China and Russia .,1,2025-04-16T11:57:48Z
"Both of our political parties see higher education as a political battleground and neither cares how this affects education broadly or the people involved. The previous administration saw political commissars installed at universities throughout our country! This one is, well, skipping the pleasantries and going straight for the purse in seeking their own political profit, and retribution.

Frankly this has me hoping my children don't want to attend any of the involved schools when the time comes. They won't protect their students from outside adult forces and their education is likely to represent the moral panic of the day as opposed to seeking a thoughtful education.",1,2025-04-16T11:46:18Z
TRUMP DICTATORSHIP ON THE MAKING ğŸ˜‚ğŸ˜‚ğŸ˜‚ğŸ˜‚....GOOD LUCK USA ğŸ˜‚ğŸ˜‚ğŸ˜‚,1,2025-04-16T11:37:45Z
Don't abuse your freedom in way.,0,2025-04-16T11:37:17Z
"Itâ€™s a win win the university gets to do whatever it wants , and the taxpayers save billions",1,2025-04-16T11:33:22Z
"the fact they use "" anti-semitism "" as reason, is a cover for ideological domination, more government from the ""small government party""",2,2025-04-16T11:27:03Z
Got it. So America is no different from N. Korea then,2,2025-04-16T11:25:57Z
This coming from government too big party?,0,2025-04-16T11:25:37Z
If they are taking public money then they are not private,3,2025-04-16T11:25:29Z
Really enjoyed this interview and Jonathan made great points. Antisemitism is a problem and Trump throwing around the term willy nilly is damaging.,0,2025-04-16T11:24:02Z
Stalin did away with intelligentsiaâ€¦ğŸ˜¢,0,2025-04-16T11:19:27Z
ğŸ‡ºğŸ‡¸â˜¹ï¸ğŸ‘ˆğŸ˜…ğŸ˜…ğŸ˜‚,0,2025-04-16T11:15:05Z
Universities are for studies and not centre of political extremism,0,2025-04-16T11:13:21Z
Can't say you are a private university and accept billions in grants and tax credit - a paradox right here.  Harvard has one of the biggest endowments - $50B+.  Don't know why they need any government funding at all?,1,2025-04-16T11:12:36Z
"I like how Trump is literally doing everything in the playbook on how to build out a dictatorship and the Americans are like meh, this is fine. One of the first things you do as a dictator is to crack down on universities as they tend to be the centre of free speech and source of intellect.",291,2025-04-16T11:10:45Z
"This has nothing to do with antisemitism. It's about power. Trump wants to dictate to Harvard what it can and can't teach.

Trump will be gone in 4 years, but Harvard will continue long, long after.",1,2025-04-16T11:01:51Z
"Harvard, hold on, he will fade away very soon.",0,2025-04-16T10:54:39Z
Not democracy itâ€™s called Dictator,0,2025-04-16T10:52:54Z
This is crazy,0,2025-04-16T10:48:30Z
Trump embarassed education and its institutions. A fool is a fool. A wasted man put into the American hot seat. What a wasted energy,0,2025-04-16T10:47:02Z
"At least ONE school in the USA had to guts to say no to BULLYING and NO caving in for TYRANNY ! Thank you Harvard, you will remembered for being on the right side of the HISTORY thank you !",0,2025-04-16T10:45:00Z
"Interesting that you interview Harvard alumni about what they think and they admit that Harvard apologized for â€œstudent safety issues not for the fact that they were allowing antisemitism on their campus. As far as the $2 billion cut, why donâ€™t you ask someone other than Harvard alumni what they think about 2 billion US tax dollars being saved from Harvard. Somebody like a plumber or a carpenter or the person working at the local grocery store, ask them what they think about $2 billion going to a private university that they will never afford. That money coming from their tax dollars that they work every day and on Saturday.",0,2025-04-16T10:28:40Z
"The US is going full Weimar.
The EU must decouple and pull ahead on its own.
We need to attract the highly educated people who will be fleeing the US and fund ambitious EU-led moonshot programs in aerospace, regenerative medicine, epigenetic cures, anti-aging, bionics, quantum computing, semiconductors and AI",2,2025-04-16T10:27:55Z
"The communists have destroyed every establishment built by righteous people. Educational institutions can abandon education and get into politics, no problem. But then they wonâ€™t be competing with professors, but politicians. 
Interestingly the students enjoyed politics during protests, but are unhappy when the politics has entered the university.",0,2025-04-16T10:27:43Z
"That used to be an institution of prestige and honour. 
Now Harvard is a total embarrassment.",1,2025-04-16T10:26:44Z
Funny how Harvard is holding Trump to his own values.,0,2025-04-16T10:26:28Z
US becoming what China was 50 years ago lol,0,2025-04-16T10:14:35Z
"Harvard has earned my respect, its time for more universities and educational institutions to team up and fight back.",0,2025-04-16T10:14:18Z
Trump wants go down in history as the first American dictator.,0,2025-04-16T10:07:39Z
Most of the US voters wanted exactly this. Just as written in Project 2025. No surprise. Principiis obsta.,0,2025-04-16T10:06:52Z
The anti-intellectualism in US of all countries is just simply astounding. Bravo orange man.,0,2025-04-16T10:05:54Z
Trump is right,0,2025-04-16T10:02:47Z
Columbia = Trump University,0,2025-04-16T09:59:20Z
"Go woke, go broke.",0,2025-04-16T09:59:02Z
"What is with this guy and apologizing?ğŸ˜… Zelensky has to apologize, Harvard has to apologize...",9,2025-04-16T09:53:45Z
"Never bite the hand that fingers you, something like that.",0,2025-04-16T09:52:54Z
Why did not interview Republican students,0,2025-04-16T09:52:51Z
"Hate has no conversation. No conversation should come in the matter of hate. It will soon escalate into violence and when this violence is done from educated people, it is given an intellectual view which is wrong.",0,2025-04-16T09:48:59Z
This is just a distraction from the economy situation and the embarrassing reversal of policy. This could have happened at any time.,0,2025-04-16T09:48:38Z
Student encampments and vandalism is more important than research and studies for Harvard,1,2025-04-16T09:48:14Z
"They have 50 billion a year to keep them doing just fine, 2 billion is nothing to them",18,2025-04-16T09:41:33Z
Sounds like we can use that 2 billion dollars for public education instead of for Harvard and the elites,6,2025-04-16T09:39:49Z
trump is a liability...,0,2025-04-16T09:27:10Z
government overreach what republicans are all about now a days ! how times change!...,1,2025-04-16T09:26:02Z
this is overt fachism btw,0,2025-04-16T09:24:49Z
This lady is saying that one of the trumpâ€™s demand is merit based admission process?? How is that a problem for sure ?,0,2025-04-16T09:22:34Z
Can't imagine what else this dictator would do next!,0,2025-04-16T09:11:21Z
The American president is very powerful. Just look at the disruption all over the world. Everyone is feeling the heat.,0,2025-04-16T09:09:02Z
"are we sure ""those"" people are not in control ? hmmmm",0,2025-04-16T09:03:46Z
"This whole litany of bullying that Trump is doing, If it is not dictatorship, I don't know what dictatorship is. I don't know why everyone is being polite and not calling it out for what it is. It is a dictator who is slightly inconvenienced by our democratic system and is trying to dismantle it to get to a full autocratic system.",0,2025-04-16T09:00:48Z
1:50 such an annoying grammaaaaaar,0,2025-04-16T08:59:50Z
Harvard lawyers getting warmed up,0,2025-04-16T08:58:51Z
If harvard university is a private university why using government money for research...and why tax exempted?? I don't get it,1,2025-04-16T08:58:06Z
"They need to understand that anti semitism is not their rightâ€¦ thereâ€™s no cute, sly or nice way to continue to purvey anti semitism as virtuous and elegantâ€¦ never again means never again.",0,2025-04-16T08:38:16Z
They need to understand that anti semitism is not their rightâ€¦,4,2025-04-16T08:35:43Z
Universities have been bullying their students into leftist & woke ideology for years now. Time to stop it!,0,2025-04-16T08:29:54Z
"It is so weite that UniversitÃ¤tsklinik in the US receive money from the government and the Students still have to pay huge bills for their studies. In Brazil the public universities are 100% free. And here in Germany you have to pay a small amount for your enrollment each semester, but you get a transportation ticket for trains/subways/busses/ships for the whole semester, you get discounts in most venues and concerts, theaters and so on. And the only costs you pretty much have are your own materials and your living which for a student is already a lot.",0,2025-04-16T08:27:50Z
"AIPAC hates pro humanities 
Will Harvard University move such Company move to different nations?",0,2025-04-16T08:19:51Z
Woke DW claim to be anti - racist until it's packaged as 'DEI' and paddled by left-wing institutions.,0,2025-04-16T08:16:56Z
Harvad going WOKE and BROKEğŸ˜‚,1,2025-04-16T08:15:46Z
So they are saying its ok to hire anyone even antisemites thats kinda dumb,0,2025-04-16T08:04:44Z
yes let student pay and discount $$$$ for teatcher are over payed,0,2025-04-16T08:00:29Z
Good move Harvard ! Resistent the fascist from MAGA,2,2025-04-16T07:57:02Z
"Harvard is like my 5 years old baby who built a cardboard house in the garden amd declared indipendency, while coming every 5 minutes into my house asking for cookies.",3,2025-04-16T07:55:58Z
Harvard has genuine courage.,14,2025-04-16T07:54:02Z
It used to be you would ask the government to make sure companies all everyone in and to ensure diversity in companies and schools but the the script is switched now.   The government is the one against diversity and inclusion,1,2025-04-16T07:50:18Z
Why does it seem like heâ€™s always covering something up?,2,2025-04-16T07:50:03Z
USA = Russia 2.0,0,2025-04-16T07:45:05Z
Thanks to Trump for keeping a firm hand.ğŸ˜Š,3,2025-04-16T07:40:32Z
THE MONEY IS NOT BEING PUT TO GOOD USE !....,3,2025-04-16T07:36:44Z
GO TRUMP !!!! YEY,0,2025-04-16T07:33:32Z
"No University can run a country.....The University is inside the country not outside, not at the security of any particular country. What Havard can do is, approach any country in the world to open doors for them & move in with their independence. Their only chance is ""mend"" their ways & continue in a country like U S. Just don't push it, it does not work in a normal household itself...ğŸ˜….",0,2025-04-16T07:31:59Z
"You take government money, you allow the government to also make decisions in your affairs. Otherwise, be the private university you should be.",0,2025-04-16T07:28:52Z
Like Trump qualified for Harvard..... another Ego bill.,0,2025-04-16T07:25:59Z
Harvard should stand up to this intimidation.,0,2025-04-16T07:12:40Z
Fascism,0,2025-04-16T07:12:08Z
Why should they be tax exempt?,2,2025-04-16T07:09:12Z
Let's interview the students who voted for him,0,2025-04-16T07:05:49Z
"They get the money because the lab equipment in your personal garage isn't gonna cut it. Plus, they need actual trained and educated people to run those labs. If the US wants to maintain their technological edge, then yes, your tax-payer money should go to them.",5,2025-04-16T06:56:06Z
"""That's a lot of money"" had me dying... this guy is hilariousğŸ˜‚ğŸ˜‚",1,2025-04-16T06:41:43Z
Its not a big deal in general? A university does not agree with the government. So they wont receive any funds or benefits. Well take your values or take the money. Its expensive to stand for what you believe...lets see if Harvard values its own values over 2 Billion Dollars or not...,0,2025-04-16T06:37:10Z
I suspect that some commenters here have not attended a real collegeâ€¦,0,2025-04-16T06:36:44Z
"Harvard is Ganges commonwealth and againts Amazon-congo populations interests, so against West interests",1,2025-04-16T06:28:44Z
Harvard Law will lose.,2,2025-04-16T06:27:03Z
2 billion dollars?,3,2025-04-16T06:18:41Z
"A private university that is taking 2B in government funding is not actually private.

So maybe this is a chance for Harvard to actually become private. It should be trivial for Harvard to extract the needed funding from their alumni by adding a license agreement to the degree: ""You can only use the Harvard brand if you pay 1% of your yearly net gain to us"". An of course, if you donÂ´t pay or stop paying the shame you in public by starting a go-fund-me for you (""Harvard graduate in huge financial trouble - help!) :-)",0,2025-04-16T06:06:42Z
"you pay no taxes, you get $2 BILLION and you want no scolding when misbehaved.",2,2025-04-16T06:06:30Z
Why a Private University receives federal funding?,2,2025-04-16T05:59:45Z
"Interesting, DW is deleting comments, what a suprise.",3,2025-04-16T05:55:52Z
2 billion for just 1 University? Wtf?,11,2025-04-16T05:55:20Z
Trump doing a great job!!,1,2025-04-16T05:46:19Z
"I donâ€™t see an issue. A private university should be run the way they want to be run but why are they entitled to government funding? Like all private institutions, there are no discounts for local students. They are for profit. So why are they entitled to tax exemptions?",10,2025-04-16T05:26:02Z
"""Discipline for student protestors"" ... 

Bro sounds like he about to start the gazpacho secret police",192,2025-04-16T04:56:57Z
Why was Harvard getting money from the government to begin with? It has a $50 billion endowment,1,2025-04-16T04:49:16Z
"It is not Trump who is limiting freedom of speech, it is AIPAC and the Israel lobby that controls everything in America and Europe",0,2025-04-16T04:48:06Z
They are private and do not need public assistance.Nothing less from bright mind expected ğŸ‰,1,2025-04-16T04:43:53Z
Really? Anti semetism. Like that's what we care about now. What a ghoulish place.,0,2025-04-16T04:38:08Z
Trump is now over reaching and bloody crazy ğŸ˜‚ğŸ˜‚ğŸ˜‚ğŸ˜‚,4,2025-04-16T04:35:48Z
"Private universities should never be meddled with by the government ... UNLESS, you get billions of dollars in GOVERNMENT grants and allow unfettered racism ... especially anti-semitism.",0,2025-04-16T04:28:33Z
Harvard is on American soil. Keep inviting radicals. We arenâ€™t like Europe anymore!,0,2025-04-16T04:21:12Z
I can advise any person wanting to get educated to choose a better and safer country than ğŸ‡ºğŸ‡¸,1,2025-04-16T04:20:25Z
"To anyone that claims Austria is a state, that's anti-Hungarian!!",0,2025-04-16T04:19:13Z
Spread that money to fund many other lesser public universities/schools,2,2025-04-16T04:17:41Z
"So I'm anti-Americam if I say ""Mexico should be a state"" ?",0,2025-04-16T04:15:15Z
"Trump serves AIPAC, not the US",1,2025-04-16T04:14:07Z
Private university should never get taxpayers money anyway.,3,2025-04-16T04:08:12Z
Why are collages tax exempt?...,1,2025-04-16T03:59:20Z
The states now has the worst President anyone could have and he is very damaging for Americas future.  Shockingly bad.  The USA has a dictator now.,0,2025-04-16T03:53:56Z
Move Harvard to Europe ğŸ˜‚. US is a failing state grasping for its last breath,0,2025-04-16T03:47:15Z
. Funny how a Republican president wants the demand this -,0,2025-04-16T03:29:01Z
"Too many people believe Trump will be gone in four years. Times have changed in the US. Millions of people in US support the current restrictions on civil rights for which the US has been known historically. None ought be surprised the GOP (,MAGA) will manipulate the existing system and remain in power four years from now and thereafter. Christianism is the emerging controlling power of the US now.",0,2025-04-16T03:14:02Z
The government wants to control how the university is teaching their curriculum to their students. It's pretty much how they do it in China.,0,2025-04-16T03:06:25Z
It's not about the money people it's about democracy,71,2025-04-16T02:55:26Z
Harvard is a school of convoluted structure adjoined with meaningless diatribe to those seeking to become like the 'world'.,1,2025-04-16T02:45:36Z
"Can harvard bring down its yearly tuition costs?  I think they are about $90,000.00 a year! That's insane!",7,2025-04-16T02:44:39Z
ğŸ¤¦ğŸ¾,0,2025-04-16T02:31:51Z
Good for Harvard.  Now they can finally say they are a private institution.,170,2025-04-16T02:31:37Z
Trump is destroying this country.   Please help!!!!,0,2025-04-16T02:25:20Z
Goberment Overreach should Stop.,3,2025-04-16T02:20:21Z
"look at the liberals capitulating ""i will say there was antisemitism on these campuses"" literally spineless.",0,2025-04-16T02:13:11Z
6:40 - the University has a 50 billion dollar endowment.,0,2025-04-16T02:04:37Z
$2 billion is a drop in the bucket for Harvard. Theyâ€™re sitting on $50 billion reserve. Theyâ€™re not a poverty stricken EU university.,12,2025-04-16T02:02:21Z
11:40 this man just said it's ok to be anti-semitism ğŸ¤¦â€â™‚ï¸,3,2025-04-16T01:51:27Z
It's a culture war...this is America's version of the Cultural Revolution.,0,2025-04-16T01:50:37Z
I think this orange man gonna be thrown by his own ppl out of his office in this yearğŸ˜‚,2,2025-04-16T01:48:58Z
You will bow down to the Orange King or you will be deported.,1,2025-04-16T01:42:03Z
We all have to pay taxes and so Harvard should pay taxes,8,2025-04-16T01:39:34Z
Harvard is owned by Qatar,1,2025-04-16T01:37:32Z
It's an opportunity to grab great scientists and scholars from the US to Japan and EU. China is surely fishing now.,1,2025-04-16T01:37:24Z
Good for you Harvard,13,2025-04-16T01:36:11Z
".       The US SUPREME COURT  Ruled last year that Harvard, et. all,  had to STOP discrimination in application approval.  The ASIAN students had almost no chance of getting in.",17,2025-04-16T01:33:57Z
Bravo Harvard. I am ready to contibute if you could permit. People all over the world are ready to help you.,4,2025-04-16T01:27:43Z
"Love to Harvard....â¤

Love to UPenn....â¤

Love to my Donald....â¤",0,2025-04-16T01:13:22Z
It is absolutely frighten and unthinkable that America is now going through the darkest 1966-1976 Cultural Revolution - which is now being quoted by many Chinese people â˜¹ï¸ğŸ˜±ğŸ˜¨,0,2025-04-16T01:04:12Z
Are the ridiculous woke pro hms university's using insanity to corrupt young ignorant students minds.,2,2025-04-16T00:57:36Z
â€œOut in four years.â€ ğŸ˜‚ FOUR YEARSâ€¦ Good-luck thinking that all this will magically end in four years. Itâ€™s probably going to be permanent.,188,2025-04-16T00:55:22Z
To the ignorant commenters: Harvard can easily survive this by selling patents to the highest bidder. And making everything they produce patented. That would generate massive wealth for Harvard at the expense at the end users a.k.a patients. The idiocy....,17,2025-04-16T00:53:39Z
Why does DW seems to support antisemitism?,0,2025-04-16T00:52:03Z
"Then their research would only geared towards what's financially beneficial, and not what's publicly beneficial. That's what separates health and education entities from other business entities. The idiocy...",11,2025-04-16T00:49:47Z
This is what happens when you elect a guy who could not get into Harvard or Yale.,2,2025-04-16T00:49:02Z
"Reminds me of Gottingen, perhaps other universities in the 30's. Took centuries to build and collapsed in years.",0,2025-04-16T00:48:18Z
"China might be interested in footing the bill, no strings attached...",1,2025-04-16T00:44:05Z
Can you pls learn to pronounce HarVard not HarWard?,1,2025-04-16T00:40:16Z
Don't think that your school is bigger than the game.,0,2025-04-16T00:38:45Z
being PRO-PALESTINIAN does NOT equal anti semitism no matter how hard you try.,136,2025-04-16T00:35:24Z
Fortune 500 companies.steer far clear from hiring any Ivy League graduate.  They are indoctrinated and trouble makers!  I work in HR for a Fortune 10 company and no way.would we hire a Harvard grad.  They are non functional mostly!!!,0,2025-04-16T00:32:50Z
"'The people won't forget' - who voted for him, genius ğŸ¤£ğŸ¤£ğŸ¤£ğŸ¤£ğŸ¤£",0,2025-04-16T00:28:08Z
ğŸ“£ğŸ“£ğŸ“£  THIS LATEST BULLING AIMS TO DIVERT THE PUBLIC ATTENTION FROM THE INTERNATIONAL FAILURES OF TRUMP  ADMINISTRATION !!!,0,2025-04-16T00:25:34Z
Harvard has the right to defend itself.â¤,5,2025-04-16T00:24:13Z
US is giving up on its own future for defending Israel.,1,2025-04-16T00:21:56Z
NO UNIVERSITY SHOULD GET TAXPAYER MONEY!!!,1,2025-04-16T00:19:03Z
"The 28th amendment to the US Constitution states , 'All Constitution laws are nullified and void if it conflicts with Israel'",26,2025-04-16T00:13:28Z
"comes from the far right, oh i see.. LOL",0,2025-04-16T00:06:51Z
"11:08
Very good on the guest on evidencing the â€œunderground rootsâ€ of many far-right AS, which are rooted in historical hatred of <____> (AS), unlike criticism of a government or actions of State of (particular) country in ME",0,2025-04-16T00:06:22Z
"Lets see how the universities can survive without Federal funding, lets say for 10 years.",2,2025-04-16T00:05:57Z
"Harvard  has a50 billion dollar endowment that thy are saving for a rainy day, They are a Private Institution that sucks from  the government tit. Grants come with conditions. If you dont want to MEET THE CONDITIONS< DONT TAKE the money. The Government is never obligated to FUND privatetly controled interprises.",0,2025-04-16T00:01:49Z
"Harvard can do absolutely whatever they want to do, they just need to do it on THEIR OWN DIME!",1,2025-04-15T23:59:18Z
Why should the American tax payers be giving billions of dollars to one of the wealthiest entities in the world?,13,2025-04-15T23:58:17Z
The USA is no more free than Russia or China any longer.,1,2025-04-15T23:56:23Z
"""I love the poorly educated"" - Donald J. Trump 2016",57,2025-04-15T23:55:58Z
â€œHow to solve real problemsâ€,0,2025-04-15T23:55:46Z
"Harvard has a 53 BILLION dollar endowment, they should get NO FEDERAL FUNDS!",0,2025-04-15T23:55:32Z
Everyone can have and entitled to their free speech but these speeches as other things have consequences! Harvard and elite mindlessness are so out of touch they think they are above everything. Them or the high way! Nope! MAGAğŸ‡ºğŸ‡¸ğŸ‡ºğŸ‡¸ğŸ‡ºğŸ‡¸,0,2025-04-15T23:55:18Z
Excellent now US have money for keep support to Great Ukraine ğŸ‡ºğŸ‡¦,2,2025-04-15T23:53:57Z
BIIIIIAAAASSSS!!!,3,2025-04-15T23:50:43Z
"Harvard has the largest endowment of any institution, they absolutely should not be getting billions from the tax payers to fund rich peopleâ€™s education.",0,2025-04-15T23:50:30Z
This could be very healthy for American academia.  They take too much government money and receive too many restrictions along with it.  They would spend more wisely and more efficiently if they were truly private institutions.,10,2025-04-15T23:50:21Z
"My wife and I both came to thr US as stsystem. We applaud Harvard for standing up to this dictator wanna be.  One of the reasons why chinese parents end kids to study in the west is to learn free thoughts and independent thinking ability that is not taught I censored Chinese education system. We know all to well that a censored education and media produce a brain washed society.  We loved our education 8n the US universities and it really opened our eyes, and the value of free speech is at the core of it.",12,2025-04-15T23:48:32Z
The catâ€™s out of the bag. This administration is authoritarian. Americans voted in this administration. The system is fixed to make Americans desperate and uneducated. The world can no longer trust the US to be a logical or stable actor so long as those conditions persistâ€¦ and they will persist for the foreseeable future. Americans will be the biggest losers of this debacle. Your strength was in your economic and military partnerships with key global players. You will have neither moving forward and will likely fall into civil unrest. The American century is over.,0,2025-04-15T23:47:16Z
"""I love the uneducated voters"" (Donald Trump, 2016)",137,2025-04-15T23:39:52Z
The same schtick that Putin used to invade Ukraine.,1,2025-04-15T23:39:41Z
"Tyrant is Making America Collapse Again. He is acting more like a dictator nowadays, punishing those who have brain.",0,2025-04-15T23:38:44Z
Taxpayers shouldn't be funding private universities.,3,2025-04-15T23:38:26Z
Close shop and move to Canada or Europe. That's the most honest reaction. The US is not a good country for science anymore.,162,2025-04-15T23:30:11Z
No private university should be getting federal funds,53,2025-04-15T23:27:22Z
BS fascism by the Big Orange.,6,2025-04-15T23:23:01Z
No more 9 billion dollar tax exempt  status.,10,2025-04-15T23:21:20Z
"Harvard law vs Fox News presenters, this will be interesting",20,2025-04-15T23:16:55Z
"DW, the goal of this administration in Washington is Project 2025. You will understand everything they are carrying out by reading Project 2025.",0,2025-04-15T22:59:46Z
Well done Mr president,7,2025-04-15T22:58:24Z
"Considering Harvard and the research it conducts produces hundred of billions of dollars to the U.S., specifically the government. The government is getting a good deal. Elon musk received billions of tax payer dollar subsidies to do what that benefits the American people ? Nothing",1,2025-04-15T22:57:23Z
"US Republicans do not believe in education, only slave labor",0,2025-04-15T22:55:16Z
Reagan attacked higher education as well.  Now they probably want Trump bibles in Universities,21,2025-04-15T22:54:44Z
"The USA is engaged in blackmail, if you give in, they will come back for more and more!",1,2025-04-15T22:51:37Z
"Once, I stopped short of calling Trump despotic. Then, after seeing what he is doing to undermine American democracy, there is no doubt that Trump is a depraved human being that seeks to destroy American democracy.",0,2025-04-15T22:51:27Z
Marco Rubio directly control US Visas granted to students - they could blanket reject all foreign student visas to all these defiant universities to arm twist them into compliance - reject all international student visas to force them to comply - compliance must be rewarded.,0,2025-04-15T22:50:02Z
Go Trump Go ğŸ‹â€â™‚ï¸,7,2025-04-15T22:47:44Z
If it's private why are they getting 2 billion dollars.,53,2025-04-15T22:45:59Z
Glad they cut loose Harvard of 2 billion. Harvard is a private university who doesnâ€™t pay any taxes. There r plenty of others state universities who can do and would love to take 2 billion for research.,40,2025-04-15T22:41:57Z
Harvard makes an obscene amount of money while not scaling up its new student admiasions.  they dont need a tax break and should not have one.,20,2025-04-15T22:40:59Z
I donâ€™t know what the Government is doing funding private Universities anyway,0,2025-04-15T22:40:21Z
"Trust is gone, Trump has scrambled the eggs and they'll never  be put back",168,2025-04-15T22:40:20Z
"Time ALL viewpoints were allowed and REPRESENTED on campuses.
This one sided bias has gone on long enough.",5,2025-04-15T22:40:18Z
Certain areas are carefully to mingle with it. Almost the same as church and state!,0,2025-04-15T22:40:09Z
"If everyone refuses to bow down to Trump's demands he won't be as powerful to make them.
Universities should file lawsuits against the Trump administration funding cuts.",0,2025-04-15T22:35:17Z
Yes.,4,2025-04-15T22:34:29Z
It's the same as dictating what a church should preach.,28,2025-04-15T22:33:16Z
